Generation,Best_Fitness
1,0.547500
2,0.550000
3,0.560000
4,0.560000
5,0.560000
6,0.560000
7,0.560000
8,0.560000
9,0.560000
10,0.560000
